title,authors,price,url
Všetci za jedného,Cara Delevingne,10.32 ,https://www.pantarhei.sk/knihy/pre-deti-a-mladez/pre-deti-a-mladez-ostatne/vsetci-za-jedneho.html
Prekliaty princ,Erin Watt,9.52 ,https://www.pantarhei.sk/knihy/pre-deti-a-mladez/pre-deti-a-mladez-ostatne/prekliaty-princ.html
Papierová princezná,Erin Watt,11.31 ,https://www.pantarhei.sk/knihy/pre-deti-a-mladez/pre-deti-a-mladez-ostatne/papierova-princezna.html
Daj mi tvoje meno,André Aciman,8.76 ,https://www.pantarhei.sk/knihy/pre-deti-a-mladez/pre-deti-a-mladez-ostatne/daj-mi-tvoje-meno.html
Mŕtve dievča neklame,Jay Asher,9.45 ,https://www.pantarhei.sk/knihy/pre-deti-a-mladez/pre-deti-a-mladez-ostatne/mrtve-dievca-neklame.html
Vesmír na pleciach,Jennifer Nivenová,12.26 ,https://www.pantarhei.sk/knihy/pre-deti-a-mladez/pre-deti-a-mladez-ostatne/vesmir-na-pleciach.html
Všetky skvelé miesta,Jennifer Nivenová,12.26 ,https://www.pantarhei.sk/knihy/pre-deti-a-mladez/pre-deti-a-mladez-ostatne/vsetky-skvele-miesta.html
Urob totálny chaos! - Manuál nehôd a chýb,Keri Smith,2.00 ,https://www.pantarhei.sk/knihy/pre-deti-a-mladez/pre-deti-a-mladez-ostatne/urob-totalny-chaos-manual-nehod-a-chyb.html
Harry Potter - Bytosti kouzelnického světa - omalovánky,Joanne K. Rowling,11.39 ,https://www.pantarhei.sk/knihy/hobby-volny-cas/rucne-prace-modelarstvo-remesla/kreslenie-malovanie/harry-potter-bytosti-kouzelnickeho-sveta-omalovanky.html
Fixky na omaľovanky STABILO point 88 liner 10 ks,neuvedený,9.22 ,https://www.pantarhei.sk/knihy/hobby-volny-cas/rucne-prace-modelarstvo-remesla/kreslenie-malovanie/fixky-na-omalovanky-stabilo-point-88-liner-10-ks.html
